Summary Level: City,,,,,,,,,,,
Data for: Stoneham CDP; Massachusetts,,,,,,,,,,,
Year Selected: 2010-2014 ACS,,,,,,,,,,,
Income Distribution Overview,Owner,Renter,Total,,,,,,,,
Household Income <= 30% HAMFI,450,720,1170,,,,,,,,
Household Income >30% to <=50% HAMFI,445,630,1075,,,,,,,,
Household Income >50% to <=80% HAMFI,585,675,1260,,,,,,,,
Household Income >80% to <=100% HAMFI,605,260,865,,,,,,,,
Household Income >100% HAMFI,3975,690,4665,,,,,,,,
Total,6060,2970,9030,,,,,,,,
,,,,,,,,,,,
Housing Problems Overview 1,Owner,Renter,Total,,,,,,,,
Household has at least 1 of 4 Housing Problems,1835,1440,3275,,,,,,,,
Household has none of 4 Housing Problems,4200,1515,5715,,,,,,,,
Cost burden not available - no other problems,25,15,40,,,,,,,,
Total,6060,2970,9030,,,,,,,,
,,,,,,,,,,,
Severe Housing Problems Overview 2,Owner,Renter,Total,,,,,,,,
Household has at least 1 of 4 Severe Housing Problems,820,785,1605,,,,,,,,
Household has none of 4 Severe Housing Problems,5215,2170,7385,,,,,,,,
Cost burden not available - no other problems,25,15,40,,,,,,,,
Total,6060,2970,9030,,,,,,,,
,,,,,,,,,,,
Housing Cost Burden Overview 3,Owner,Renter,Total,,,,,,,,
Cost Burden <=30%,4215,1520,5735,,,,,,,,
Cost Burden >30% to <=50%,1015,660,1675,,,,,,,,
Cost Burden >50%,810,775,1585,,,,,,,,
Cost Burden not available,25,15,40,,,,,,,,
Total,6060,2970,9030,,0.695544554,0.511784512,,,,,
,,,,,,,,,,,
Income by Housing Problems (Owners and Renters),Household has at least 1 of 4 Housing Problems,Household has none of 4 Housing Problems,Cost Burden not available - no other housing problems,Total,,,,,,,
Household Income <= 30% HAMFI,875,255,40,1170,,,,,,,
Household Income >30% to <=50% HAMFI,780,295,0,1075,,,,,,,
Household Income >50% to <=80% HAMFI,730,535,0,1260,,,,,,,
Household Income >80% to <=100% HAMFI,315,550,0,865,,,,,,,
Household Income >100% HAMFI,575,4090,0,4665,,,,,,,
Total,3275,5715,40,9030,,,,,,,
,,,,,,,,,,,
Income by Housing Problems (Renters only),Household has at least 1 of 4 Housing Problems,Household has none of 4 Housing Problems,Cost Burden not available - no other housing problems,Total,,,,,,,
Household Income <= 30% HAMFI,470,235,15,720,,,,,,,
Household Income >30% to <=50% HAMFI,480,150,0,630,,,,,,,
Household Income >50% to <=80% HAMFI,430,245,0,675,,,,,,,
Household Income >80% to <=100% HAMFI,50,210,0,260,,,,,,,
Household Income >100% HAMFI,10,680,0,690,,,,,,,
Total,1440,1515,15,2970,,,,,,,
,,,,,,,,,,,
Income by Housing Problems (Owners only),Household has at least 1 of 4 Housing Problems,Household has none of 4 Housing Problems, Cost Burden not available - no other housing problems,Total,,,,,,,
Household Income <= 30% HAMFI,405,20,25,450,,,,,,,
Household Income >30% to <=50% HAMFI,300,145,0,445,,,,,,,
Household Income >50% to <=80% HAMFI,300,290,0,585,,,,,,,
Household Income >80% to <=100% HAMFI,265,340,0,605,,,,,,,
Household Income >100% HAMFI,565,3410,0,3975,,,,,,,
Total,1835,4200,25,6060,,,,,,,
,,,,,,,,,,,
Income by Cost Burden (Owners and Renters),Cost burden > 30% ,Cost burden > 50% ,Total,,,,,,,,
Household Income <= 30% HAMFI,880,750,1170,,,,,,,,
Household Income >30% to <=50% HAMFI,780,485,1075,,,,,,,,
Household Income >50% to <=80% HAMFI,730,215,1265,,,,,,,,
Household Income >80% to <=100% HAMFI,315,85,860,,,,,,,,
Household Income >100% HAMFI,565,55,4665,,,,,,,,
Total,3270,1590,9030,,,,,,,,
,,,,,,,,,,,
Income by Cost Burden (Renters only),Cost burden > 30% ,Cost burden > 50% ,Total,,,,,Income Distribution Overview,Renter,,Total
Household Income <= 30% HAMFI,465,395,720,,1375,,,Household Income <= 30% HAMFI,720,2025,1170
Household Income >30% to <=50% HAMFI,480,305,630,,0.679012346,,,Household Income >30% to <=50% HAMFI,630,,1075
Household Income >50% to <=80% HAMFI,430,75,675,,,,,Household Income >50% to <=80% HAMFI,675,,1260
Household Income >80% to <=100% HAMFI,50,0,260,,0.192307692,,,Household Income >80% to <=100% HAMFI,260,,865
Household Income >100% HAMFI,10,0,690,,,,,Household Income >100% HAMFI,690,,4665
Total,1435,775,2970,,,,,Total,2970,,9030
,,,,,,,,,,,
Income by Cost Burden (Owners only),Cost burden > 30% ,Cost burden > 50% ,Total,,,,,Income Distribution Overview,Owner,,
Household Income <= 30% HAMFI,405,350,450,,1005,,,Household Income <= 30% HAMFI,450,1480,
Household Income >30% to <=50% HAMFI,300,180,445,,0.679054054,,,Household Income >30% to <=50% HAMFI,445,,
Household Income >50% to <=80% HAMFI,300,140,585,,,,,Household Income >50% to <=80% HAMFI,585,,
Household Income >80% to <=100% HAMFI,265,85,605,,0.438016529,,,Household Income >80% to <=100% HAMFI,605,,
Household Income >100% HAMFI,555,55,3975,,,,,Household Income >100% HAMFI,3975,,
Total,1825,810,6060,,,,,Total,6060,,
,,,,,,,,,,,
1. The four housing problems are: incomplete kitchen facilities; incomplete  plumbing facilities  more than 1 person per room; and cost burden greater than 30%.,,,,,,,,,,,
,,,,,,,,,,,
2. The four severe housing problems are: incomplete kitchen facilities; incomplete plumbing facilities; more than 1 person per room; and cost burden greater than 50%.,,,,,,,,,,,
,,,,,,,,,,,
3. Cost burden is the ratio of housing costs to household income. For renters- housing cost is gross rent (contract rent plus utilities),,,,,,,,,,,
" For owners- housing cost is ""select monthly owner costs"" which includes mortgage payment; utilities; association fees; insurance; and real estate taxes. ",,,,,,,,,,,
