"seq_id","Municipal ID","Municipality","Census Geographic Level ID","Census Logical Record Number","ACS Years","Occupied housing units where cost burden status could be determined","Occupied housing units where cost burden status could be determined; Margin of Error","Cost Burdened Households","Cost Burdened Households; Margin of Error","Cost Burdened Households paying 30-50% of Income","Cost Burdened Households paying 30-50% of Income; Margin of Error","Cost Burdened Households paying 50% or more of Income","Cost Burdened Households paying 50% or more of Income; Margin of Error","% Cost Burdened Households","% Cost Burdened Households; Margin of Error","% Cost Burdened Households paying 30-50% of Income","% Cost Burdened Households paying 30-50% of Income; Margin of Error","% Cost Burdened Households paying 50% or more of Income","% Cost Burdened Households paying 50% or more of Income; Margin of Error","Owner-Occupied Housing Units","Owner-Occupied Housing Units; Margin of Error","Owner-occupied housing units where cost burden status could be determined","Owner-occupied housing units where cost burden status could be determined; Margin of Error","Not Cost Burdened Owner-Occupied Households","Not Cost Burdened Owner-Occupied Households; Margin of Error","Cost Burdened Owner Households","Cost Burdened Owner Households; Margin of Error","Cost Burdened Owner Households paying 30-50% of Income","Cost Burdened Owner Households paying 30-50% of Income; Margin of Error","Cost Burdened Owner Households paying 50% or more of Income","Cost Burdened Owner Households paying 50% or more of Income; Margin of Error","% Not Cost Burdened Owner-Occupied Households","% Not Cost Burdened Owner-Occupied Households; Margin of Error","% Cost Burdened Owner Households","% Cost Burdened Owner Households; Margin of Error","% Cost Burdened Owner Households paying 30-50% of Income","% Cost Burdened Owner Households paying 30-50% of Income; Margin of Error","% Cost Burdened Owner Households paying 50% or more of Income","% Cost Burdened Owner Households paying 50% or more of Income; Margin of Error","Renter-occupied Housing Units","Renter-occupied Housing Units; Margin of Error","Renter-occupied housing units where cost burden status could be determined","Renter-occupied housing units where cost burden status could be determined; Margin of Error","Not Cost Burdened Renter-Occupied Households","Not Cost Burdened Renter-Occupied Households; Margin of Error","Cost Burdened Renter Households","Cost Burdened Renter Households; Margin of Error","Cost Burdened Renter Households paying 30-50% of Income","Cost Burdened Renter Households paying 30-50% of Income; Margin of Error","Cost Burdened Renter Households paying 50% or more of Income","Cost Burdened Renter Households paying 50% or more of Income; Margin of Error","% Not Cost Burdened Renter-Occupied Households","% Not Cost Burdened Renter-Occupied Households; Margin of Error","% Cost Burdened Renter Households","% Cost Burdened Renter Households; Margin of Error","% Cost Burdened Renter Households paying 30-50% of Income","% Cost Burdened Renter Households paying 30-50% of Income; Margin of Error","% Cost Burdened Renter Households paying 50% or more of Income","% Cost Burdened Renter Households paying 50% or more of Income; Margin of Error"
2928,93,"Everett","06000US2501721990",223,"2012-16",14852,891.29,7852,671.98,3980,481.78,3872,468.45,52.87,3.23,26.8,2.82,26.07,2.74,6023,382,5930,516.43,3309,371.99,2621,358.22,1473,257.84,1148,248.68,55.8,3.97,44.2,4.66,24.84,3.77,19.36,3.84,9246,464,8922,726.44,3691,452.19,5231,568.54,2507,406.97,2724,397,41.37,3.79,58.63,4.22,28.1,3.95,30.53,3.69
2998,163,"Lynn","06000US2500937490",117,"2012-16",31383,1122.87,14337,744.63,7400,555.02,6937,496.42,45.68,1.72,23.58,1.55,22.1,1.37,14226,538,14193,724.21,9402,585.89,4791,425.7,2831,330.93,1960,267.78,66.24,2.37,33.76,2.46,19.95,2.1,13.81,1.75,18016,589,17190,858.11,7644,602.57,9546,610.95,4569,445.57,4977,418,44.47,2.71,55.53,2.22,26.58,2.23,28.95,1.96
3000,165,"Malden","06000US2501737875",233,"2012-16",21961,1102.18,10147,786.47,5261,546.15,4886,565.91,46.2,2.73,23.96,2.18,22.25,2.32,9533,538,9464,666.4,6261,528.9,3203,405.42,1872,276.47,1331,296.53,66.16,3.09,33.84,3.56,19.78,2.57,14.06,2.97,13554,643,12497,877.9,5553,562.62,6944,673.92,3389,471.01,3555,482,44.43,3.24,55.57,3.72,27.12,3.25,28.45,3.3
3078,243,"Quincy","06000US2502155745",282,"2012-16",38795,1424.85,16039,952.94,8495,714.58,7544,630.46,41.34,1.93,21.9,1.66,19.45,1.46,18523,692,18366,903.38,11837,717.61,6529,548.75,3571,417.18,2958,356.49,64.45,2.28,35.55,2.42,19.44,2.06,16.11,1.77,21300,713,20429,1101.87,10919,779.19,9510,779.09,4924,580.16,4586,520,53.45,2.5,46.55,2.87,24.1,2.52,22.45,2.24
3083,248,"Revere","06000US2502556585",322,"2012-16",19441,1007.19,9849,743.74,4910,548.37,4939,502.43,50.66,2.78,25.26,2.5,25.41,2.22,9734,539,9638,657.29,5338,456.95,4300,472.47,2405,352.78,1895,314.28,55.38,2.87,44.62,3.84,24.95,3.24,19.66,2.97,10498,509,9803,763.16,4254,502.48,5549,574.39,2505,419.83,3044,392,43.39,3.85,56.61,3.86,25.55,3.79,31.05,3.19
3093,258,"Salem","06000US2500959105",131,"2012-16",17832,899.67,7506,595.09,4039,457.09,3467,381.05,42.09,2.57,22.65,2.29,19.44,1.9,8616,479,8564,549.56,5738,459.54,2826,301.39,1724,246.08,1102,174.01,67,3.21,33,2.81,20.13,2.57,12.87,1.86,9454,536,9268,712.32,4588,494.06,4680,513.12,2315,385.2,2365,339,49.5,3.73,50.5,3.95,24.98,3.69,25.52,3.09
3109,274,"Somerville","06000US2501762535",245,"2012-16",31374,1161.38,11273,717.14,6295,516.79,4978,497.21,35.93,1.86,20.06,1.47,15.87,1.47,11173,558,11077,666.71,7456,542.66,3621,387.33,2013,300.49,1608,244.4,67.31,2.75,32.69,2.89,18.17,2.48,14.52,2.03,21056,720,20297,950.94,12645,734.87,7652,603.54,4282,420.45,3370,433,62.3,2.14,37.7,2.39,21.1,1.82,16.6,1.99
