"Muni ID","Municipality","ACS Years","Renter-occupied Housing Units","Renter-occupied Housing Units; Margin of Error","Median Gross Rent","Median Gross Rent; Margin of Error","Renter-occupied Housing Units paying cash rent","Renter-occupied Housing Units paying cash rent; Margin of Error"
93,"Everett","2012-16",9246,464,1298,38,9054,471
163,"Lynn","2012-16",18016,589,1055,25,17560,601
165,"Malden","2012-16",13554,643,1324,34,13163,613
243,"Quincy","2012-16",21300,713,1305,28,20801,707
248,"Revere","2012-16",10498,509,1227,39,10043,519
258,"Salem","2012-16",9454,536,1106,44,9285,529
274,"Somerville","2012-16",21056,720,1600,32,20471,702
