"Muni ID","Municipality","ACS Years","Average household size","Average household size; Margin of Error","Average owner occupied household size","Average owner occupied household size; Margin of Error","Average renter occupied household size","Average renter occupied household size; Margin of Error"
93,"Everett","2012-16",2.91,0.08,3.18,0.15,2.74,0.12
163,"Lynn","2012-16",2.83,0.05,3.02,0.08,2.68,0.08
165,"Malden","2012-16",2.61,0.08,2.91,0.13,2.41,0.1
243,"Quincy","2012-16",2.31,0.04,2.7,0.07,1.98,0.06
248,"Revere","2012-16",2.61,0.07,2.88,0.12,2.36,0.1
258,"Salem","2012-16",2.26,0.06,2.39,0.09,2.14,0.1
274,"Somerville","2012-16",2.38,0.05,2.52,0.09,2.3,0.06
