"Municipal ID","Municipality","Census Logical Record Number","Year","Households 2010","1-person Households","2-person Households","3-person Households","4-person Households","5-person Households","6-person Households","7-person Households"," Family households","2-person Family Households","3-person Family Households","4-person Family Households","5-person Family Households","6-person Family Households","7-person Family Households"," Non-Family Households","2-person Non-Family Households","3-person Non-Family Households","4-person Non-Family Households","5-person Non-Family Households","6-person Non-Family Households","7-person Non-Family Households","% 1-person Households","% 2-person Households","% 3-person Households","% 4-person Households","% 5-person Households","% 6-person Households","% 7-person Households","% Family households","% 2-person Family Households","% 3-person Family Households","% 4-person Family Households","% 5-person Family Households","% 6-person Family Households","% 7-person Family Households","% Non-Family households","% 2-person Non-Family Households","% 3-person Non-Family Households","% 4-person Non-Family Households","% 5-person Non-Family Households","% 6-person Non-Family Households","% 7-person Non-Family Households"
93,"Everett",83733,"2010",15543,4309,4226,2817,2235,1127,446,383,10059,3350,2629,2152,1109,441,378,5484,876,188,83,18,5,5,27.72,27.19,18.12,14.38,7.25,2.87,2.46,64.72,33.3,26.14,21.39,11.02,4.38,3.76,35.28,15.97,3.43,1.51,0.33,0.09,0.09
163,"Lynn",44178,"2010",33310,10206,8690,5167,4474,2449,1203,1121,20988,6941,4949,4393,2409,1189,1107,12322,1749,218,81,40,14,14,30.64,26.09,15.51,13.43,7.35,3.61,3.37,63.01,33.07,23.58,20.93,11.48,5.67,5.27,36.99,14.19,1.77,0.66,0.32,0.11,0.11
165,"Malden",90370,"2010",23673,7112,7010,4153,3038,1429,555,376,14317,5326,3781,2894,1395,550,371,9356,1684,372,144,34,5,5,30.04,29.61,17.54,12.83,6.04,2.34,1.59,60.48,37.2,26.41,20.21,9.74,3.84,2.59,39.52,18,3.98,1.54,0.36,0.05,0.05
243,"Quincy",117431,"2010",40658,15340,12500,5798,4100,1763,691,466,21089,8950,5300,3969,1731,686,453,19569,3550,498,131,32,5,13,37.73,30.74,14.26,10.08,4.34,1.7,1.15,51.87,42.44,25.13,18.82,8.21,3.25,2.15,48.13,18.14,2.54,0.67,0.16,0.03,0.07
248,"Revere",146620,"2010",20454,6545,5730,3330,2559,1287,558,445,12362,4489,3133,2490,1269,543,438,8092,1241,197,69,18,15,7,32,28.01,16.28,12.51,6.29,2.73,2.18,60.44,36.31,25.34,20.14,10.27,4.39,3.54,39.56,15.34,2.43,0.85,0.22,0.19,0.09
258,"Salem",50516,"2010",17842,6301,5972,2630,1852,730,220,137,9648,4442,2385,1764,707,217,133,8194,1530,245,88,23,3,4,35.32,33.47,14.74,10.38,4.09,1.23,0.77,54.07,46.04,24.72,18.28,7.33,2.25,1.38,45.93,18.67,2.99,1.07,0.28,0.04,0.05
274,"Somerville",97602,"2010",32105,10276,11071,5437,3304,1243,449,325,13404,6002,3452,2325,949,385,291,18701,5069,1985,979,294,64,34,32.01,34.48,16.94,10.29,3.87,1.4,1.01,41.75,44.78,25.75,17.35,7.08,2.87,2.17,58.25,27.11,10.61,5.24,1.57,0.34,0.18
