"Muni ID","Municipality","ACS Years","Total Households","Households Margin of Error","Households with Seniors 65 and Over","Households with Seniors 65 and over; MoE","Senior person Living Alone","Senior Person Living alone Margin of error","Family Households with Seniors","Family Households with Seniors; MoE","Nonfamily Households with Seniors","Nonfamily Households with Seniors; MoE","% Households with senior(s)","% Households with senior(s); Margin of Error","% Senior living alone","% Senior living alone; Margin of Error","% Family Households with senior(s)","% Family Households with senior(s); Margin of Error","% Non-Family Households with senior(s)","% Non-Family Households with senior(s); Margin of Error"
93,"Everett","2012-16",15269,444,3449,305,1201,195,2226,249,22,24,22.59,1.89,33.87,4.13,20.86,2.17,2.09,2.22
163,"Lynn","2012-16",32242,567,7848,362,3363,319,4240,313,245,97,24.34,1.04,36.9,2.78,19.88,1.36,13.58,4.97
165,"Malden","2012-16",23087,695,5398,425,2526,346,2800,322,72,53,23.38,1.7,38.32,3.75,20.05,2.17,2.84,2.04
243,"Quincy","2012-16",39823,684,10612,492,5241,489,4969,289,402,166,26.65,1.15,35.58,2.52,23.39,1.16,10.45,4.14
248,"Revere","2012-16",20232,556,5655,426,2482,325,2972,284,201,91,27.95,1.96,41.46,3.81,24.31,2.02,9.95,4.14
258,"Salem","2012-16",18070,455,4267,299,2097,306,2087,205,83,53,23.61,1.54,31.12,3.58,21.45,1.87,5.18,3.2
274,"Somerville","2012-16",32229,706,6123,423,2932,373,2987,265,204,77,19,1.24,29.61,3.09,21.36,1.66,2.45,0.91
