"Municipal ID","Municipality","Households in 1990","Households in 2000","Households in 2010","Households in 2020 based on Status Quo scenario","Households in 2030 based on Status Quo scenario","Households in 2020 based on Stronger Region scenario","Households in 2030 based on Stronger Region scenario","Households in 2040 based on Stronger Region scenario"
93,"EVERETT",14458,15433,15543,17327,19651,17856,20829,23671
163,"LYNN",31390,33649,33310,35217,36916,36050,38662,39781
165,"MALDEN",21813,23028,23673,25553,27762,26333,29390,31923
243,"QUINCY",35569,38893,40658,43754,46839,44732,48791,51328
248,"REVERE",17376,19422,20454,23052,26060,23708,27513,31066
258,"SALEM",15810,17477,17842,18834,19655,19236,20486,20789
274,"SOMERVILLE",30319,31535,32105,34843,37606,36195,40197,43995
