"Seq_ID","Municipal ID","Municipality","Census Geographic Level ID","Census Logical Record Number","ACS Years","Housing units","Housing units; Margin of Error","Structures with 1 unit","Structures with 1 unit; Margin of Error","Detached 1 unit structures ","Detached 1 unit structures; Margin of Error","Attached 1 unit structures","Attached 1 unit structures; Margin of Error","Structures with 2 units","Structures with 2 units; Margin of Error","Structures with 2 or more units","Structures with 2 or more units; Margin of Error","Structures with 2-4 units","Structures with 2-4 units; Margin of Error","Structures with 3-4 units","Structures with 3-4 units; Margin of Error","Structures with 5-9 units","Structures with 5-9 units; Margin of Error","Structures with 10-19 units","Structures with 10-19 units; Margin of Error","Structures with 20 or more units","Structures with 20 or more units; Margin of Error","Structures with 20-49 units","Structures with 20-49 units; Margin of Error","Structures with 50 or more units","Structures with 50 or more units; Margin of Error","Housing units of other types","Housing units of other types; Margin of Error","% of Housing Units with 1 unit Structures","% of Housing Units with 1 unit Structures ; Margin of Error","% of Housing Units with Detached 1 unit structures ","% of Housing Units with Detached 1 unit structures; Margin of Error","% of Housing Units with Attached 1 unit structures","% of Housing Units with Attached 1 unit structures; Margin of Error","% of Housing Units with 2 units","% of Housing Units with 2 units; Margin of Error","% of Housing Units with 2 or more units","% of Housing Units with 2 or more units; Margin of Error","% of Housing Units with 2-4 units","% of Housing Units with 2-4 units; Margin of Error","% of Housing Units with 3-4 units","% of Housing Units with 3-4 units; Margin of Error","% of Housing Units with 5-9 units","% of Housing Units with 5-9 units; Margin of Error","% of Housing Units with 10-19 units","% of Housing Units with 10-19 units; Margin of Error","% of Housing Units with 20 or more units","% of Housing Units with 20 or more units; Margin of Error","% of Housing Units with 20-49 units","% of Housing Units with 20-49 units; Margin of Error","% of Housing Units with 50 or more units","% of Housing Units with 50 or more units; Margin of Error","% of Housing units of other types","% of Housing units of other types; Margin of Error"
2928,93,"Everett","06000US2501721990",223,"2012-16",16331,505,4213,360.96,3279,295,934,208,4973,472,12093,757.27,9411,666.8,4438,471,651,181,593,189,1438,245.65,964,216,474,117,25,33.3,25.8,2.06,20.08,1.7,25.8,2.06,30.45,2.73,74.05,4.03,57.63,3.67,27.18,2.76,3.99,1.1,3.63,1.15,8.81,3.18,5.9,1.31,2.9,2.9,0.15,0.15
2998,163,"Lynn","06000US2500937490",117,"2012-16",34374,603,12892,549.25,11769,505,1123,216,5976,528,21371,928.98,11715,733.39,5739,509,2048,294,1764,269,5844,407.85,2819,303,3025,273,111,71.51,37.51,1.46,34.24,1.34,37.51,1.46,17.39,1.51,62.17,2.47,34.08,2.05,16.7,1.45,5.96,0.85,5.13,0.78,17,8.84,8.2,0.87,8.8,8.8,0.32,0.22
3000,165,"Malden","06000US2501737875",233,"2012-16",24519,705,8311,500.28,6275,376,2036,330,5266,447,16076,869.73,7998,578.99,2732,368,862,201,1200,292,6016,543.62,1978,330,4038,432,132,94.15,33.9,1.79,25.59,1.35,33.9,1.79,21.48,1.72,65.57,3,32.62,2.17,11.14,1.47,3.52,0.81,4.89,1.18,24.54,16.51,8.07,1.33,16.47,16.46,0.54,0.49
3078,243,"Quincy","06000US2502155745",282,"2012-16",42409,684,16504,690.66,13983,596,2521,349,5753,567,25898,1089.88,10870,795.52,5117,558,2341,306,2132,310,10555,604.36,2942,332,7613,505,7,30.87,38.92,1.5,32.97,1.3,38.92,1.5,13.57,1.32,61.07,2.37,25.63,1.83,12.07,1.3,5.52,0.72,5.03,0.73,24.89,17.96,6.94,0.77,17.95,17.95,0.02,0.07
3083,248,"Revere","06000US2502556585",322,"2012-16",21584,639,7288,498.21,6086,444,1202,226,5808,502,14081,776.13,8598,619.49,2790,363,943,241,453,154,4087,369.87,931,169,3156,329,215,62.64,33.77,2.08,28.2,1.88,33.77,2.08,26.91,2.19,65.24,3.03,39.84,2.62,12.93,1.64,4.37,1.11,2.1,0.71,18.94,14.63,4.31,0.77,14.62,14.62,1,0.94
3093,258,"Salem","06000US2500959105",131,"2012-16",19435,527,6525,396.98,5064,335,1461,213,3141,386,12865,713.24,7307,548.01,4166,389,1501,232,875,192,3182,343.08,1799,285,1383,191,45,44.28,33.57,1.83,26.06,1.57,33.57,1.83,16.16,1.94,66.2,3.2,37.6,2.63,21.44,1.92,7.72,1.18,4.5,0.98,16.37,7.25,9.26,1.44,7.12,7.11,0.23,0.2
3109,274,"Somerville","06000US2501762535",245,"2012-16",33642,766,5002,391.81,3408,312,1594,237,10707,519,28630,945.03,20046,767.93,9339,566,2611,330,1204,239,4769,370.59,2128,257,2641,267,10,31.76,14.87,1.11,10.13,0.9,14.87,1.11,31.83,1.36,85.1,2.03,59.59,1.84,27.76,1.56,7.76,0.96,3.58,0.71,14.18,7.88,6.33,0.75,7.85,7.85,0.03,0.04
