"bg10_id","muni_id","muni_upper","municipal"
"250173411023",165,"MALDEN","Malden"
"250173411022",165,"MALDEN","Malden"
"250173413002",165,"MALDEN","Malden"
"250173413003",165,"MALDEN","Malden"
"250173411011",165,"MALDEN","Malden"
"250173411025",165,"MALDEN","Malden"
"250173411013",165,"MALDEN","Malden"
"250173411024",165,"MALDEN","Malden"
"250173411021",165,"MALDEN","Malden"
"250173411012",165,"MALDEN","Malden"
"250173412001",165,"MALDEN","Malden"
"250173413001",165,"MALDEN","Malden"
"250173416001",165,"MALDEN","Malden"
"250173417003",165,"MALDEN","Malden"
"250173417005",165,"MALDEN","Malden"
"250173417004",165,"MALDEN","Malden"
"250173417001",165,"MALDEN","Malden"
"250173418004",165,"MALDEN","Malden"
"250173418002",165,"MALDEN","Malden"
"250173418005",165,"MALDEN","Malden"
"250173418006",165,"MALDEN","Malden"
"250173418003",165,"MALDEN","Malden"
"250173419026",165,"MALDEN","Malden"
"250173414001",165,"MALDEN","Malden"
"250173414002",165,"MALDEN","Malden"
"250173414003",165,"MALDEN","Malden"
"250173414005",165,"MALDEN","Malden"
"250173414004",165,"MALDEN","Malden"
"250173415004",165,"MALDEN","Malden"
"250173415001",165,"MALDEN","Malden"
"250173415003",165,"MALDEN","Malden"
"250173415005",165,"MALDEN","Malden"
"250173415002",165,"MALDEN","Malden"
"250173416003",165,"MALDEN","Malden"
"250173416006",165,"MALDEN","Malden"
"250173416004",165,"MALDEN","Malden"
"250173416005",165,"MALDEN","Malden"
"250173416002",165,"MALDEN","Malden"
"250173412002",165,"MALDEN","Malden"
"250173412006",165,"MALDEN","Malden"
"250173412005",165,"MALDEN","Malden"
"250173412003",165,"MALDEN","Malden"
"250173412004",165,"MALDEN","Malden"
"250173419021",165,"MALDEN","Malden"
"250173419011",165,"MALDEN","Malden"
"250173419012",165,"MALDEN","Malden"
"250173419024",165,"MALDEN","Malden"
"250173417002",165,"MALDEN","Malden"
"250173418001",165,"MALDEN","Malden"
"250173419025",165,"MALDEN","Malden"
"250173419022",165,"MALDEN","Malden"
"250173419023",165,"MALDEN","Malden"
