"Muni ID","Municipality","ACS Years","Median household income","Median household income; Margin of Error","Median family household income","Median family household income; Margin of Error","Median nonfamily household income","Median nonfamily household income; Margin of Error"
93,"Everett","2012-16",52457,3167,56211,3493,39351,6969
163,"Lynn","2012-16",50774,1982,60421,4059,30199,2794
165,"Malden","2012-16",60085,3121,71064,4021,37158,5332
243,"Quincy","2012-16",64890,2266,82086,4473,46894,3496
248,"Revere","2012-16",51482,2010,61557,5678,35491,3394
258,"Salem","2012-16",61093,3080,78728,7099,39711,6830
274,"Somerville","2012-16",78673,3002,84896,5297,72545,4037
