"Seq ID","Municipal ID","Municipality","Census Geographic Level ID","Census Logical Record Number","ACS Years","Total Population","Total Population; Margin of Error","Non-Hispanic Population","Non-Hispanic Population; Margin of Error","Non-Hispanic White alone","Non-Hispanic White alone; Margin of Error","Non-Hispanic Black or African American alone","Non-Hispanic Black or African American alone; Margin of Error","Non-Hispanic American Indian and Alaska Native alone","Non-Hispanic American Indian and Alaska Native alone; Margin of Error","Non-Hispanic Asian alone","Non-Hispanic Asian alone; Margin of Error","Non-Hispanic Native Hawaiian and Other Pacific Islander alone","Non-Hispanic Native Hawaiian and Other Pacific Islander alone; Margin of Error","Non-Hispanic Some Other Race alone","Non-Hispanic Some Other Race alone; Margin of Error","Non-Hispanic Two or More Races","Non-Hispanic Two or More Races; Margin of Error","Hispanic or Latino","Hispanic or Latino; Margin of Error","% Non-Hispanic","% Non-Hispanic; Margin of Error","% Non-Hispanic White alone; Margin of Error","% Non-Hispanic Black or African American alone","% Non-Hispanic Black or African American alone; Margin of Error","Non-Hispanic American Indian and Alaska Native alone","Non-Hispanic American Indian and Alaska Native alone; Margin of Error","% Non-Hispanic Asian alone","% Non-Hispanic Asian alone; Margin of Error","% Non-Hispanic Native Hawaiian and Other Pacific Islander alone","% Non-Hispanic Native Hawaiian and Other Pacific Islander alone; Margin of Error","% Non-Hispanic Some Other Race alone","% Non-Hispanic Some Other Race alone; Margin of Error","% Non-Hispanic Two or More Races","% Non-Hispanic Two or More Races; Margin of Error","%Hispanic or Latino","%Hispanic or Latino; Margin of Error","NA"
2928,93,"Everett","06000US2501721990",223,"2012-16",44636,44,34847,1266,21434,1371,8446,1337,0,25,3097,950,8,12,545,290,1317,370,9789,1269,78.07,2.84,48.02,3.07,18.92,3,0,0.06,6.94,2.13,0.02,0.03,1.22,0.65,2.95,0.83,21.93,2.84
2998,163,"Lynn","06000US2500937490",117,"2012-16",92074,42,57054,1281,35937,1240,10551,908,163,112,7113,733,116,88,807,340,2367,469,35020,1274,61.97,1.39,39.03,1.35,11.46,0.99,0.18,0.12,7.73,0.8,0.13,0.1,0.88,0.37,2.57,0.51,38.03,1.38
3000,165,"Malden","06000US2501737875",233,"2012-16",60732,53,54869,894,29531,1366,8909,1302,84,81,13925,1170,22,34,530,283,1868,534,5863,885,90.35,1.47,48.63,2.25,14.67,2.14,0.14,0.13,22.93,1.93,0.04,0.06,0.87,0.47,3.08,0.88,9.65,1.46
3078,243,"Quincy","06000US2502155745",282,"2012-16",93349,46,90401,546,57140,1412,4759,822,153,158,26143,1068,15,27,243,149,1948,394,2948,546,96.84,0.58,61.21,1.51,5.1,0.88,0.16,0.17,28.01,1.14,0.02,0.03,0.26,0.16,2.09,0.42,3.16,0.58
3083,248,"Revere","06000US2502556585",322,"2012-16",53165,44,38085,1108,31074,1281,2486,672,39,50,2938,680,0,28,292,134,1256,367,15080,1109,71.64,2.08,58.45,2.41,4.68,1.26,0.07,0.09,5.53,1.28,0,0.05,0.55,0.25,2.36,0.69,28.36,2.09
3093,258,"Salem","06000US2500959105",131,"2012-16",42804,36,35869,751,31535,812,2207,565,124,87,959,353,0,25,165,117,879,302,6935,750,83.8,1.75,73.67,1.9,5.16,1.32,0.29,0.2,2.24,0.82,0,0.06,0.39,0.27,2.05,0.71,16.2,1.75
3109,274,"Somerville","06000US2501762535",245,"2012-16",79507,47,72006,1036,55542,1520,5073,764,108,67,8213,1044,18,25,708,418,2344,419,7501,1032,90.57,1.3,69.86,1.91,6.38,0.96,0.14,0.08,10.33,1.31,0.02,0.03,0.89,0.53,2.95,0.53,9.43,1.3
