"Seq ID","Municipal ID","Municipality","Census Logical Record Number","Unique Geographic ID","Census Year","Total Population","Non-Hispanic White alone","Non-Hispanic Black or African American alone","Non-Hispanic American Indian and Alaska Native alone","Non-Hispanic Asian alone or Non-Hispanic Native Hawaiian and Other Pacific Islander alone","Non-Hispanic Asian alone","Non-Hispanic Native Hawaiian and Other Pacific Islander alone","Non-Hispanic Some Other Race alone","Non-Hispanic Two or More Races","Hispanic or Latino","% Non-Hispanic White alone","% Non-Hispanic Black or African American alone","Non-Hispanic American Indian and Alaska Native alone","% Non-Hispanic Asian alone or Non-Hispanic Native Hawaiian and Other Pacific Islander alone","% Non-Hispanic Asian alone","% Non-Hispanic Native Hawaiian and Other Pacific Islander alone","% Non-Hispanic Some Other Race alone","% Non-Hispanic Two or More Races","%Hispanic or Latino"
904,93,"Everett",83733,"06000US2501721990",2010,41667,22316,5652,84,1995,1982,13,1833,995,8792,53.56,13.56,0.2,4.79,4.76,0.03,4.4,2.39,21.1
973,163,"Lynn",44178,"06000US2500937490",2010,90329,42969,9494,178,6247,6210,37,407,2021,29013,47.57,10.51,0.2,6.92,6.87,0.04,0.45,2.24,32.12
975,165,"Malden",90370,"06000US2501737875",2010,59450,31211,8483,76,11912,11898,14,1250,1526,4992,52.5,14.27,0.13,20.04,20.01,0.02,2.1,2.57,8.4
1053,243,"Quincy",117431,"06000US2502155745",2010,92271,60448,3998,137,22145,22124,21,768,1686,3089,65.51,4.33,0.15,24,23.98,0.02,0.83,1.83,3.35
1058,248,"Revere",146620,"06000US2502556585",2010,51755,32299,2237,66,2862,2856,6,787,887,12617,62.41,4.32,0.13,5.53,5.52,0.01,1.52,1.71,24.38
1068,258,"Salem",50516,"06000US2500959105",2010,41340,31377,1450,66,1100,1083,17,166,716,6465,75.9,3.51,0.16,2.66,2.62,0.04,0.4,1.73,15.64
1084,274,"Somerville",97602,"06000US2501762535",2010,75754,52359,4869,90,6594,6578,16,1689,2136,8017,69.12,6.43,0.12,8.7,8.68,0.02,2.23,2.82,10.58
