"Municipal ID","Municipality","Projections Source","Cohort ID","Age Groups","Population 1990","Population 2000","Population 2010","Population 2020 (Status Quo)","Population 2030 (Status Quo)","Population 2020 (Stronger Region)","Population 2030 (Stronger Region)","Population 2040 (Stronger Region)"
93,"Everett","MAPC: Status Quo and Stronger Region Scenarios",1,"00-04",2340,2244,2862,3223,3487,3254,3688,3605
93,"Everett","MAPC: Status Quo and Stronger Region Scenarios",2,"05-09",1858,2404,2461,2605,2825,2702,3083,3022
93,"Everett","MAPC: Status Quo and Stronger Region Scenarios",3,"10-14",1694,2271,2520,3055,3459,3135,3571,4024
93,"Everett","MAPC: Status Quo and Stronger Region Scenarios",4,"15-19",2074,2160,2753,2683,2844,2746,2998,3395
93,"Everett","MAPC: Status Quo and Stronger Region Scenarios",5,"20-24",3125,2545,2998,3034,3536,3180,3762,4149
93,"Everett","MAPC: Status Quo and Stronger Region Scenarios",6,"25-29",3994,3392,3669,3919,4010,4148,4284,4511
93,"Everett","MAPC: Status Quo and Stronger Region Scenarios",7,"30-34",3364,3613,3352,3819,4008,4023,4352,5034
93,"Everett","MAPC: Status Quo and Stronger Region Scenarios",8,"35-39",2665,3313,3140,3684,4038,3881,4483,4670
93,"Everett","MAPC: Status Quo and Stronger Region Scenarios",9,"40-44",2072,2925,3309,3264,3846,3398,4197,4549
93,"Everett","MAPC: Status Quo and Stronger Region Scenarios",10,"45-49",1697,2463,3081,2969,3573,3074,3887,4502
93,"Everett","MAPC: Status Quo and Stronger Region Scenarios",11,"50-54",1506,2039,2697,3098,3095,3136,3260,4066
93,"Everett","MAPC: Status Quo and Stronger Region Scenarios",12,"55-59",1642,1696,2298,2958,2860,2986,2990,3815
93,"Everett","MAPC: Status Quo and Stronger Region Scenarios",13,"60-64",1817,1370,1746,2429,2796,2450,2851,2951
93,"Everett","MAPC: Status Quo and Stronger Region Scenarios",14,"65-69",1780,1427,1328,1945,2531,1961,2568,2542
93,"Everett","MAPC: Status Quo and Stronger Region Scenarios",15,"70-74",1497,1424,1017,1424,2008,1434,2034,2351
93,"Everett","MAPC: Status Quo and Stronger Region Scenarios",16,"75-79",1221,1206,945,920,1370,927,1387,1819
93,"Everett","MAPC: Status Quo and Stronger Region Scenarios",17,"80-84",764,841,780,528,745,533,753,1078
93,"Everett","MAPC: Status Quo and Stronger Region Scenarios",18,"85P",591,704,711,416,320,423,326,351
163,"Lynn","MAPC: Status Quo and Stronger Region Scenarios",1,"00-04",6848,6505,6700,7201,6810,7231,7146,6930
163,"Lynn","MAPC: Status Quo and Stronger Region Scenarios",2,"05-09",5620,7052,5991,6056,5741,6184,6152,5929
163,"Lynn","MAPC: Status Quo and Stronger Region Scenarios",3,"10-14",4884,6701,5838,5847,6384,5968,6525,6424
163,"Lynn","MAPC: Status Quo and Stronger Region Scenarios",4,"15-19",5060,6152,6671,5405,5509,5562,5774,5783
163,"Lynn","MAPC: Status Quo and Stronger Region Scenarios",5,"20-24",6325,5770,7018,5750,5765,6027,6125,6606
163,"Lynn","MAPC: Status Quo and Stronger Region Scenarios",6,"25-29",7605,6398,7005,6908,5985,7312,6456,6633
163,"Lynn","MAPC: Status Quo and Stronger Region Scenarios",7,"30-34",7665,7088,6342,7539,6541,7923,7124,7257
163,"Lynn","MAPC: Status Quo and Stronger Region Scenarios",8,"35-39",6159,7118,6088,7146,7232,7371,7861,6887
163,"Lynn","MAPC: Status Quo and Stronger Region Scenarios",9,"40-44",5063,7013,6210,5845,7184,6019,7736,6863
163,"Lynn","MAPC: Status Quo and Stronger Region Scenarios",10,"45-49",3911,5950,6319,5505,6629,5615,6953,7375
163,"Lynn","MAPC: Status Quo and Stronger Region Scenarios",11,"50-54",3224,5117,6339,5692,5428,5761,5656,7238
163,"Lynn","MAPC: Status Quo and Stronger Region Scenarios",12,"55-59",3263,3779,5325,5771,5046,5825,5195,6425
163,"Lynn","MAPC: Status Quo and Stronger Region Scenarios",13,"60-64",3420,3039,4188,5373,4836,5419,4931,4819
163,"Lynn","MAPC: Status Quo and Stronger Region Scenarios",14,"65-69",3567,2851,2974,4537,4971,4574,5045,4446
163,"Lynn","MAPC: Status Quo and Stronger Region Scenarios",15,"70-74",3128,2740,2328,3480,4518,3505,4577,4136
163,"Lynn","MAPC: Status Quo and Stronger Region Scenarios",16,"75-79",2495,2531,1869,2011,3122,2025,3159,3487
163,"Lynn","MAPC: Status Quo and Stronger Region Scenarios",17,"80-84",1688,1760,1549,1269,1927,1280,1948,2560
163,"Lynn","MAPC: Status Quo and Stronger Region Scenarios",18,"85P",1320,1486,1575,965,806,980,822,1022
165,"Malden","MAPC: Status Quo and Stronger Region Scenarios",1,"00-04",3649,3294,3768,4217,4199,4265,4467,4370
165,"Malden","MAPC: Status Quo and Stronger Region Scenarios",2,"05-09",2826,3126,3026,3184,3178,3324,3504,3446
165,"Malden","MAPC: Status Quo and Stronger Region Scenarios",3,"10-14",2452,3058,2978,3313,3767,3411,3912,4117
165,"Malden","MAPC: Status Quo and Stronger Region Scenarios",4,"15-19",3012,2880,3226,2983,3160,3054,3363,3564
165,"Malden","MAPC: Status Quo and Stronger Region Scenarios",5,"20-24",4826,3696,4311,3958,4276,4149,4551,4992
165,"Malden","MAPC: Status Quo and Stronger Region Scenarios",6,"25-29",6391,5719,5871,5727,5725,6061,6097,6373
165,"Malden","MAPC: Status Quo and Stronger Region Scenarios",7,"30-34",5468,5641,5342,5984,5854,6301,6332,6830
165,"Malden","MAPC: Status Quo and Stronger Region Scenarios",8,"35-39",4239,4981,4586,5118,5122,5412,5708,5804
165,"Malden","MAPC: Status Quo and Stronger Region Scenarios",9,"40-44",3334,4437,4424,4463,5168,4665,5662,5715
165,"Malden","MAPC: Status Quo and Stronger Region Scenarios",10,"45-49",2536,3791,4313,4030,4613,4181,5046,5339
165,"Malden","MAPC: Status Quo and Stronger Region Scenarios",11,"50-54",2267,3259,4229,4268,4361,4320,4614,5650
165,"Malden","MAPC: Status Quo and Stronger Region Scenarios",12,"55-59",2290,2517,3542,4128,3872,4167,4055,4938
165,"Malden","MAPC: Status Quo and Stronger Region Scenarios",13,"60-64",2414,2137,2845,3845,3890,3878,3966,4217
165,"Malden","MAPC: Status Quo and Stronger Region Scenarios",14,"65-69",2416,2041,1991,3015,3548,3039,3601,3464
165,"Malden","MAPC: Status Quo and Stronger Region Scenarios",15,"70-74",1957,1916,1603,2290,3131,2306,3172,3220
165,"Malden","MAPC: Status Quo and Stronger Region Scenarios",16,"75-79",1687,1685,1322,1329,2048,1339,2073,2456
165,"Malden","MAPC: Status Quo and Stronger Region Scenarios",17,"80-84",1198,1085,1063,862,1256,870,1270,1755
165,"Malden","MAPC: Status Quo and Stronger Region Scenarios",18,"85P",922,1077,1010,534,442,542,450,572
243,"Quincy","MAPC: Status Quo and Stronger Region Scenarios",1,"00-04",4957,4492,4978,5315,5076,5342,5361,5199
243,"Quincy","MAPC: Status Quo and Stronger Region Scenarios",2,"05-09",3741,4230,4056,4071,3896,4172,4215,4062
243,"Quincy","MAPC: Status Quo and Stronger Region Scenarios",3,"10-14",3510,4253,3811,4111,4460,4198,4565,4564
243,"Quincy","MAPC: Status Quo and Stronger Region Scenarios",4,"15-19",4680,4019,4160,3805,3850,3915,4050,4119
243,"Quincy","MAPC: Status Quo and Stronger Region Scenarios",5,"20-24",7981,5486,6318,5490,5776,5755,6105,6403
243,"Quincy","MAPC: Status Quo and Stronger Region Scenarios",6,"25-29",10275,8914,9277,8665,8674,9171,9240,9325
243,"Quincy","MAPC: Status Quo and Stronger Region Scenarios",7,"30-34",8100,8464,7840,8636,8128,9075,8768,9179
243,"Quincy","MAPC: Status Quo and Stronger Region Scenarios",8,"35-39",6174,7664,6818,7592,7275,7839,7916,7913
243,"Quincy","MAPC: Status Quo and Stronger Region Scenarios",9,"40-44",5354,6713,6295,6108,6959,6308,7515,7162
243,"Quincy","MAPC: Status Quo and Stronger Region Scenarios",10,"45-49",4449,6026,6877,6191,7078,6314,7431,7459
243,"Quincy","MAPC: Status Quo and Stronger Region Scenarios",11,"50-54",3715,5482,6818,6481,6379,6560,6655,7830
243,"Quincy","MAPC: Status Quo and Stronger Region Scenarios",12,"55-59",3836,4344,5968,6911,6269,6976,6449,7538
243,"Quincy","MAPC: Status Quo and Stronger Region Scenarios",13,"60-64",4075,3590,5149,6638,6324,6695,6448,6511
243,"Quincy","MAPC: Status Quo and Stronger Region Scenarios",14,"65-69",4120,3564,3781,5556,6501,5601,6597,6028
243,"Quincy","MAPC: Status Quo and Stronger Region Scenarios",15,"70-74",3555,3479,2865,4419,5770,4451,5845,5588
243,"Quincy","MAPC: Status Quo and Stronger Region Scenarios",16,"75-79",2949,3081,2553,2786,4166,2806,4216,4975
243,"Quincy","MAPC: Status Quo and Stronger Region Scenarios",17,"80-84",2004,2225,2217,1794,2813,1811,2844,3763
243,"Quincy","MAPC: Status Quo and Stronger Region Scenarios",18,"85P",1510,1999,2490,2505,2593,2544,2642,3494
248,"Revere","MAPC: Status Quo and Stronger Region Scenarios",1,"00-04",2774,2741,3195,3538,3757,3575,3980,3893
248,"Revere","MAPC: Status Quo and Stronger Region Scenarios",2,"05-09",2253,2759,2825,2942,3131,3054,3422,3357
248,"Revere","MAPC: Status Quo and Stronger Region Scenarios",3,"10-14",1897,2897,2682,3039,3418,3124,3541,3959
248,"Revere","MAPC: Status Quo and Stronger Region Scenarios",4,"15-19",2277,2543,3046,2969,3106,3039,3281,3667
248,"Revere","MAPC: Status Quo and Stronger Region Scenarios",5,"20-24",3722,2736,3591,3156,3492,3308,3722,4090
248,"Revere","MAPC: Status Quo and Stronger Region Scenarios",6,"25-29",4212,3655,4431,4539,4649,4804,4963,5177
248,"Revere","MAPC: Status Quo and Stronger Region Scenarios",7,"30-34",3774,4163,3899,4770,4509,5024,4882,5381
248,"Revere","MAPC: Status Quo and Stronger Region Scenarios",8,"35-39",2978,3906,3788,4941,5189,5192,5734,5959
248,"Revere","MAPC: Status Quo and Stronger Region Scenarios",9,"40-44",2735,3706,3817,3807,4817,3962,5254,5117
248,"Revere","MAPC: Status Quo and Stronger Region Scenarios",10,"45-49",2259,3081,3698,3647,4883,3774,5294,5862
248,"Revere","MAPC: Status Quo and Stronger Region Scenarios",11,"50-54",2058,2790,3669,3818,3857,3864,4059,5402
248,"Revere","MAPC: Status Quo and Stronger Region Scenarios",12,"55-59",2178,2364,2920,3594,3556,3628,3716,5260
248,"Revere","MAPC: Status Quo and Stronger Region Scenarios",13,"60-64",2444,2072,2674,3643,3797,3675,3870,4045
248,"Revere","MAPC: Status Quo and Stronger Region Scenarios",14,"65-69",2187,1969,1998,2646,3296,2668,3345,3385
248,"Revere","MAPC: Status Quo and Stronger Region Scenarios",15,"70-74",1899,1979,1626,2267,3123,2283,3164,3309
248,"Revere","MAPC: Status Quo and Stronger Region Scenarios",16,"75-79",1569,1639,1322,1388,1867,1398,1889,2378
248,"Revere","MAPC: Status Quo and Stronger Region Scenarios",17,"80-84",879,1272,1250,997,1419,1006,1435,1995
248,"Revere","MAPC: Status Quo and Stronger Region Scenarios",18,"85P",691,1011,1324,1170,1163,1188,1185,1459
258,"Salem","MAPC: Status Quo and Stronger Region Scenarios",1,"00-04",2491,2264,2307,2265,2176,2275,2301,2232
258,"Salem","MAPC: Status Quo and Stronger Region Scenarios",2,"05-09",1971,2453,2108,1944,1872,1986,2021,1948
258,"Salem","MAPC: Status Quo and Stronger Region Scenarios",3,"10-14",1714,2247,1953,1937,1932,1977,1976,1991
258,"Salem","MAPC: Status Quo and Stronger Region Scenarios",4,"15-19",2374,2328,2965,2501,2364,2571,2465,2517
258,"Salem","MAPC: Status Quo and Stronger Region Scenarios",5,"20-24",3667,3073,3692,3176,3164,3329,3338,3307
258,"Salem","MAPC: Status Quo and Stronger Region Scenarios",6,"25-29",4263,3314,3204,3533,3232,3739,3472,3348
258,"Salem","MAPC: Status Quo and Stronger Region Scenarios",7,"30-34",3879,3563,3017,3611,3230,3795,3535,3557
258,"Salem","MAPC: Status Quo and Stronger Region Scenarios",8,"35-39",3049,3479,2789,2891,3271,2984,3558,3277
258,"Salem","MAPC: Status Quo and Stronger Region Scenarios",9,"40-44",2441,3127,2798,2490,3082,2568,3324,3054
258,"Salem","MAPC: Status Quo and Stronger Region Scenarios",10,"45-49",1856,2859,3065,2494,2653,2544,2785,3300
258,"Salem","MAPC: Status Quo and Stronger Region Scenarios",11,"50-54",1475,2658,2995,2708,2440,2741,2548,3282
258,"Salem","MAPC: Status Quo and Stronger Region Scenarios",12,"55-59",1482,1869,2715,2959,2416,2986,2488,2719
258,"Salem","MAPC: Status Quo and Stronger Region Scenarios",13,"60-64",1667,1457,2390,2774,2514,2798,2563,2369
258,"Salem","MAPC: Status Quo and Stronger Region Scenarios",14,"65-69",1645,1365,1520,2374,2612,2394,2651,2180
258,"Salem","MAPC: Status Quo and Stronger Region Scenarios",15,"70-74",1514,1432,1150,2064,2426,2079,2457,2229
258,"Salem","MAPC: Status Quo and Stronger Region Scenarios",16,"75-79",1248,1275,998,1165,1856,1173,1878,2070
258,"Salem","MAPC: Status Quo and Stronger Region Scenarios",17,"80-84",800,899,803,594,1100,600,1112,1299
258,"Salem","MAPC: Status Quo and Stronger Region Scenarios",18,"85P",555,745,871,615,554,624,564,712
274,"Somerville","MAPC: Status Quo and Stronger Region Scenarios",1,"00-04",4084,3500,3499,4613,4597,4672,4930,4827
274,"Somerville","MAPC: Status Quo and Stronger Region Scenarios",2,"05-09",3130,3085,2344,3230,3226,3397,3608,3560
274,"Somerville","MAPC: Status Quo and Stronger Region Scenarios",3,"10-14",2852,3086,1958,2181,2921,2262,3061,3256
274,"Somerville","MAPC: Status Quo and Stronger Region Scenarios",4,"15-19",4392,4156,3451,2654,3529,2717,3766,4001
274,"Somerville","MAPC: Status Quo and Stronger Region Scenarios",5,"20-24",10747,9992,9222,8637,8856,9054,9308,9994
274,"Somerville","MAPC: Status Quo and Stronger Region Scenarios",6,"25-29",11603,12438,14116,14052,13855,14873,14647,15616
274,"Somerville","MAPC: Status Quo and Stronger Region Scenarios",7,"30-34",8325,8924,9689,9053,8817,9543,9676,10056
274,"Somerville","MAPC: Status Quo and Stronger Region Scenarios",8,"35-39",5712,6472,6251,9145,9343,9766,10514,10532
274,"Somerville","MAPC: Status Quo and Stronger Region Scenarios",9,"40-44",4363,5151,4515,6171,5965,6513,6603,6760
274,"Somerville","MAPC: Status Quo and Stronger Region Scenarios",10,"45-49",3144,4128,4089,4413,6628,4610,7373,7977
274,"Somerville","MAPC: Status Quo and Stronger Region Scenarios",11,"50-54",2727,3674,3682,3463,4794,3505,5120,5259
274,"Somerville","MAPC: Status Quo and Stronger Region Scenarios",12,"55-59",2846,2582,3179,3347,3624,3378,3822,6184
274,"Somerville","MAPC: Status Quo and Stronger Region Scenarios",13,"60-64",2920,2191,2850,3063,2886,3090,2942,4285
274,"Somerville","MAPC: Status Quo and Stronger Region Scenarios",14,"65-69",2862,2064,1942,2677,2845,2699,2887,3232
274,"Somerville","MAPC: Status Quo and Stronger Region Scenarios",15,"70-74",2354,1995,1581,2290,2491,2306,2523,2389
274,"Somerville","MAPC: Status Quo and Stronger Region Scenarios",16,"75-79",1942,1731,1284,1277,1789,1286,1810,1940
274,"Somerville","MAPC: Status Quo and Stronger Region Scenarios",17,"80-84",1273,1203,1026,782,1147,790,1160,1280
274,"Somerville","MAPC: Status Quo and Stronger Region Scenarios",18,"85P",934,1106,1076,767,669,778,682,819
